{
  "datasets": [
    "Breast Cancer",
    "Iris 0 vs 1",
    "Wine 0 vs 1"
  ],
  "seeds": [
    0,
    1,
    2,
    3,
    4
  ],
  "n_runs": 15,
  "prior_scale": 2.0,
  "theta_dimension": 5,
  "covariates": "four PCA covariates plus intercept",
  "posterior_approximation": "Laplace Gaussian; theta0 is the Laplace posterior mean",
  "radius_grid": [
    0.03,
    0.03374859189280695,
    0.037965581824907835,
    0.04270949756605945,
    0.048046180110125715,
    0.05404969748483107,
    0.06080337274484124,
    0.06840094041572894,
    0.07694784743915471,
    0.08656271667513342,
    0.09737899327339176,
    0.1095467967638697,
    0.12323500457160347,
    0.1386335958731748,
    0.1559562883252034,
    0.17544350426014077,
    0.19736570751731428,
    0.22202715722123137,
    0.24977013060598077,
    0.2809796734944778,
    0.3160889443646427,
    0.3555852261730161,
    0.4000166893741525,
    0.45
  ],
  "qmc_points_per_run": 32768,
  "ball_mass_method": "Sobol quadrature over Euclidean balls",
  "runs": [
    {
      "dataset": "Breast Cancer",
      "seed": 0,
      "n_train": 398,
      "theta_dimension": 5,
      "optimizer_success": true,
      "optimizer_message": "Optimization terminated successfully.",
      "gradient_inf_norm": 6.328271240363392e-15,
      "objective_value": 28.756001821423673,
      "theta0_norm": 3.5394824973510235,
      "posterior_covariance_min_eig": 0.019004662737317834,
      "posterior_covariance_max_eig": 0.3419721851181219
    },
    {
      "dataset": "Breast Cancer",
      "seed": 1,
      "n_train": 398,
      "theta_dimension": 5,
      "optimizer_success": true,
      "optimizer_message": "A bad approximation caused failure to predict improvement.",
      "gradient_inf_norm": 3.3345048944255495e-08,
      "objective_value": 35.22665095717649,
      "theta0_norm": 3.3923148589441863,
      "posterior_covariance_min_eig": 0.013856112108711916,
      "posterior_covariance_max_eig": 0.2933285213459611
    },
    {
      "dataset": "Breast Cancer",
      "seed": 2,
      "n_train": 398,
      "theta_dimension": 5,
      "optimizer_success": true,
      "optimizer_message": "Optimization terminated successfully.",
      "gradient_inf_norm": 9.43689570931383e-15,
      "objective_value": 27.59308403668294,
      "theta0_norm": 3.621964955713779,
      "posterior_covariance_min_eig": 0.019892288413199455,
      "posterior_covariance_max_eig": 0.3398511566449834
    },
    {
      "dataset": "Breast Cancer",
      "seed": 3,
      "n_train": 398,
      "theta_dimension": 5,
      "optimizer_success": true,
      "optimizer_message": "CONVERGENCE: RELATIVE REDUCTION OF F <= FACTR*EPSMCH",
      "gradient_inf_norm": 1.662175518890585e-07,
      "objective_value": 36.85375021695992,
      "theta0_norm": 3.0179046614909493,
      "posterior_covariance_min_eig": 0.014045716256968743,
      "posterior_covariance_max_eig": 0.21055347094372065
    },
    {
      "dataset": "Breast Cancer",
      "seed": 4,
      "n_train": 398,
      "theta_dimension": 5,
      "optimizer_success": true,
      "optimizer_message": "A bad approximation caused failure to predict improvement.",
      "gradient_inf_norm": 1.061447484351774e-07,
      "objective_value": 31.788256178644588,
      "theta0_norm": 3.5765036944469952,
      "posterior_covariance_min_eig": 0.015193867884212618,
      "posterior_covariance_max_eig": 0.33873036410321034
    },
    {
      "dataset": "Iris 0 vs 1",
      "seed": 0,
      "n_train": 70,
      "theta_dimension": 5,
      "optimizer_success": true,
      "optimizer_message": "Optimization terminated successfully.",
      "gradient_inf_norm": 1.5187140434136381e-10,
      "objective_value": 1.9797874286118369,
      "theta0_norm": 3.24344713275754,
      "posterior_covariance_min_eig": 0.6628063237420979,
      "posterior_covariance_max_eig": 3.8215583718663426
    },
    {
      "dataset": "Iris 0 vs 1",
      "seed": 1,
      "n_train": 70,
      "theta_dimension": 5,
      "optimizer_success": true,
      "optimizer_message": "Optimization terminated successfully.",
      "gradient_inf_norm": 1.540477745365365e-10,
      "objective_value": 1.8487053873674117,
      "theta0_norm": 3.1696461675224463,
      "posterior_covariance_min_eig": 0.7377597400184698,
      "posterior_covariance_max_eig": 3.8434643000816204
    },
    {
      "dataset": "Iris 0 vs 1",
      "seed": 2,
      "n_train": 70,
      "theta_dimension": 5,
      "optimizer_success": true,
      "optimizer_message": "Optimization terminated successfully.",
      "gradient_inf_norm": 2.2075452577041688e-10,
      "objective_value": 1.9734379420948558,
      "theta0_norm": 3.2286537650175964,
      "posterior_covariance_min_eig": 0.5962245512726161,
      "posterior_covariance_max_eig": 3.8282787613260973
    },
    {
      "dataset": "Iris 0 vs 1",
      "seed": 3,
      "n_train": 70,
      "theta_dimension": 5,
      "optimizer_success": true,
      "optimizer_message": "Optimization terminated successfully.",
      "gradient_inf_norm": 2.0737800365822068e-10,
      "objective_value": 1.8122906071345204,
      "theta0_norm": 3.1448281633125768,
      "posterior_covariance_min_eig": 0.725486280145394,
      "posterior_covariance_max_eig": 3.812367554679273
    },
    {
      "dataset": "Iris 0 vs 1",
      "seed": 4,
      "n_train": 70,
      "theta_dimension": 5,
      "optimizer_success": true,
      "optimizer_message": "Optimization terminated successfully.",
      "gradient_inf_norm": 2.582959401919993e-10,
      "objective_value": 1.9064446381867652,
      "theta0_norm": 3.1976871731196588,
      "posterior_covariance_min_eig": 0.7167395453353548,
      "posterior_covariance_max_eig": 3.786267381456492
    },
    {
      "dataset": "Wine 0 vs 1",
      "seed": 0,
      "n_train": 91,
      "theta_dimension": 5,
      "optimizer_success": true,
      "optimizer_message": "A bad approximation caused failure to predict improvement.",
      "gradient_inf_norm": 1.2819315775569606e-08,
      "objective_value": 8.107032166316749,
      "theta0_norm": 3.991399350444646,
      "posterior_covariance_min_eig": 0.06604370811738597,
      "posterior_covariance_max_eig": 1.1995366932842777
    },
    {
      "dataset": "Wine 0 vs 1",
      "seed": 1,
      "n_train": 91,
      "theta_dimension": 5,
      "optimizer_success": true,
      "optimizer_message": "Optimization terminated successfully.",
      "gradient_inf_norm": 2.3314683517128287e-15,
      "objective_value": 5.842839786082662,
      "theta0_norm": 4.196256624489693,
      "posterior_covariance_min_eig": 0.09310665144868167,
      "posterior_covariance_max_eig": 1.2206994039971941
    },
    {
      "dataset": "Wine 0 vs 1",
      "seed": 2,
      "n_train": 91,
      "theta_dimension": 5,
      "optimizer_success": true,
      "optimizer_message": "Optimization terminated successfully.",
      "gradient_inf_norm": 5.784861478730363e-11,
      "objective_value": 9.046201489030182,
      "theta0_norm": 3.356068729700574,
      "posterior_covariance_min_eig": 0.08465480621647876,
      "posterior_covariance_max_eig": 0.7693881481329574
    },
    {
      "dataset": "Wine 0 vs 1",
      "seed": 3,
      "n_train": 91,
      "theta_dimension": 5,
      "optimizer_success": true,
      "optimizer_message": "A bad approximation caused failure to predict improvement.",
      "gradient_inf_norm": 4.8904349458922525e-09,
      "objective_value": 5.373890661737558,
      "theta0_norm": 4.0908073283786655,
      "posterior_covariance_min_eig": 0.12358148252178787,
      "posterior_covariance_max_eig": 1.176453079952946
    },
    {
      "dataset": "Wine 0 vs 1",
      "seed": 4,
      "n_train": 91,
      "theta_dimension": 5,
      "optimizer_success": true,
      "optimizer_message": "Optimization terminated successfully.",
      "gradient_inf_norm": 2.645272612067373e-10,
      "objective_value": 8.178455692826143,
      "theta0_norm": 3.827061885459499,